experiment,variant,seed,mean_reward,std_reward,n_eval_episodes
exp1,PPO,47,-1148.03801645,280.5743556085575,20
exp1,SAC,47,-971.81536715,119.39217328811412,20
